Workbook

Sheet Test Cases
A1: POD HEALTH — AI Data Agent Evaluation Tracker
A2: Use this sheet to log AI responses, score accuracy, and track improvements over time after each model change.
A4: # | B4: Question ID | C4: Test Question | D4: Expected Answer (Key Points) | E4: Qualitative/Quantitative | F4: Actual AI Response | G4: Response Date | H4: Model Version | I4: Score (0–10) | J4: Accuracy % | K4: Pass / Fail | L4: Missing / Wrong Info | M4: Tester Notes | N4: Re-test Needed? | O4: Priority
A5: 1 | B5: Q-001 | C5: Can you tell me how my child's overall health is progressing? | D5: - Summarises recent health trends across all domains (physical, mental, behavioural) - References latest health log entries - Highlights improvements or regressions - Provides actionable next steps | E5: Qualitative | J5: =IF(I5="","",I5/10) | K5: =IF(I5="","",IF(I5>=7,"Pass",IF(I5>=4,"Partial","Fail")))
A6: 2 | B6: Q-002 | C6: Can you give me a list of all the active medications my child is taking and the side effects of those medications? | D6: - Lists every active medication by name - Includes dosage and frequency for each - States known side effects per medication - Flags any interaction warnings if present | E6: Quantitative | J6: =IF(I6="","",I6/10) | K6: =IF(I6="","",IF(I6>=7,"Pass",IF(I6>=4,"Partial","Fail")))
A7: 3 | B7: Q-003 | C7: Can you give me some latest research on Autism, ADHD, Depression and Anxiety? | D7: - Provides recent research highlights for each condition - Cites credible sources (journals / institutions) - Keeps content relevant to paediatric / adolescent context - Distinguishes between the four conditions clearly | E7: Qualitative | J7: =IF(I7="","",I7/10) | K7: =IF(I7="","",IF(I7>=7,"Pass",IF(I7>=4,"Partial","Fail")))
A8: 4 | B8: Q-004 | C8: Can you summarize the last document I uploaded? | D8: - Identifies the most recently uploaded document - Delivers a structured summary (key points, dates, recommendations) - Does not fabricate content not present in the document - Indicates document title / type | E8: Qualitative | J8: =IF(I8="","",I8/10) | K8: =IF(I8="","",IF(I8>=7,"Pass",IF(I8>=4,"Partial","Fail")))
A9: 5 | B9: Q-005 | C9: Can you summarize my child's life logs? | D9: - Aggregates entries across the available life log period - Highlights significant events, patterns, and mood/behaviour trends - Organised chronologically or by theme - Avoids fabrication — only summarises real logged data | E9: Qualitative | J9: =IF(I9="","",I9/10) | K9: =IF(I9="","",IF(I9>=7,"Pass",IF(I9>=4,"Partial","Fail")))
A10: 6 | B10: Q-006 | C10: Can you list the key health observations recorded for my child in the past week? | D10: -Reviews health logs from the past week -Lists important observations or updates -References relevant timestamps or entries -Avoids generating information not present in the records | E10: Quantitative
A11: 7 | B11: Q-007 | C11: Can you identify any potential concerns based on my child's recent health records? | D11: -Reviews available health records or logs -Highlights possible concerns if supported by data. -Explains why the observation may be important. -Encourages professional consultation if necessary | E11: Qualitative
A12: 8 | B12: Q-008 | C12: Can you summarize how my child has been doing over the past few days based on the logs? | D12: -Reviews recent life log entries -Summarizes key observations about behavior and activities -Highlights notable events or changes -Avoids generating information not present in logs | E12: Qualitative
A13: 9 | B13: Q-009 | C13: Has my child shown any positive progress in their daily activities recently? | D13: -Reviews recent activity logs -Identifies signs of improvement or progress -References relevant entries or timestamps -Avoids unsupported conclusions | E13: Qualitative
A14: 10 | B14: Q-010 | C14: Were there any moments where my child seemed calmer or happier during the day? | D14: -Reviews mood or activity logs -Identifies moments of positive emotional state -References relevant observations or timestamps -Avoids speculation | E14: Qualitative
A15: 11 | B15: Q-011 | C15: Can you tell me if there were any challenging moments recorded for my child recently? | D15: -Reviews behavioral or activity logs -Identifies challenging situations or events -References timestamps or relevant entries -Avoids assumptions beyond recorded data
A16: 12 | B16: Q-012 | C16: Did my child participate in any activities that seemed enjoyable according to the logs? | D16: -Reviews activity entries -Identifies activities associated with positive engagement -References relevant log entries -Avoids fabricating information
A17: 13 | B17: Q-013 | C17: Can you highlight any routines that my child followed consistently this week? | D17: -Reviews logs across the week -Identifies consistent routines or repeated activities -Summarizes patterns clearly -References relevant entries
A18: 14 | B18: Q-014 | C18: Did the logs mention any situations where my child needed additional support? | D18: -Reviews behavior and observation logs -Identifies situations requiring assistance or intervention -References timestamps or entries -Avoids unsupported interpretation
A19: 15 | B19: Q-015 | C19: Can you give me an overview of my child's activity levels over the past few days? | D19: -Reviews activity logs -Summarizes level of engagement in activities -Highlights notable variations in activity levels -References relevant entries
A20: 16 | B20: Q-016 | C20: Can you tell me if my child followed their usual routine today? | D20: -Reviews daily activity logs -Identifies routine activities completed -Highlights any deviations from routine -References relevant entries
A21: 17 | B21: Q-017 | C21: Did my child seem more active or less active than usual according to the logs? | D21: -Reviews activity logs over time. -Compares recent activity levels with previous entries -Highlights notable changes -Avoids unsupported conclusions
A22: 18 | B22: Q-018 | C22: Were there any situations today where my child appeared relaxed or comfortable? | D22: -Reviews mood or behavior logs -Identifies entries showing calm or relaxed behavior -References relevant timestamps -Avoids speculation
A23: 19 | B23: Q-019 | C23: Can you summarize the key activities my child participated in today? | D23: -Reviews activity entries for the day -Lists key activities performed -Organizes information chronologically -Avoids adding information not present in logs
A24: 20 | B24: Q-020 | C24: Did anything in the logs suggest my child needed extra encouragement or support? | D24: -Reviews behavioral observations -Identifies situations indicating need for support -References relevant entries -Avoids unsupported interpretation
A25: 21 | B25: Q-021 | C25: Can you highlight any moments where my child showed focus or engagement? | D25: -Reviews activity or behavior logs -Identifies focused engagement in activities -References timestamps or observations -Avoids speculation
A26: 22 | B26: Q-022 | C26: Did the logs mention any activities that helped my child stay calm? | D26: -Reviews activity and mood logs -Identifies activities associated with calm behavior -References relevant entries -Avoids unsupported claims
... A29: 25 | B29: Q-025 | C29: Is there anything in today's logs that might help me better support my child tomorrow? | D29: -Reviews daily logs and observations -Highlights notable behaviors or events -Suggests areas parents may monitor or support -Avoids making clinical recommendations

Sheet Score Summary
A1: 📊 Evaluation Score Summary
A3: Question ID | B3: Question (Short) | C3: Score (0-10) | D3: Accuracy % | E3: Pass/Fail | F3: Re-test? | G3: Priority | H3: Notes
A4: ='Test Cases'!B5 -> Q-001 | B4: Overall health progress | C4: ='Test Cases'!I5 -> 0 | D4: ='Test Cases'!J5 | E4: ='Test Cases'!K5 | F4: ='Test Cases'!N5 -> 0 | G4: ='Test Cases'!O5 -> 0 | H4: ='Test Cases'!M5 -> 0
A5: ='Test Cases'!B6 -> Q-002 | B5: Active medications & side effects | C5: ='Test Cases'!I6 -> 0 | D5: ='Test Cases'!J6 | E5: ='Test Cases'!K6 | F5: ='Test Cases'!N6 -> 0 | G5: ='Test Cases'!O6 -> 0 | H5: ='Test Cases'!M6 -> 0
A6: ='Test Cases'!B7 -> Q-003 | B6: Latest research (Autism/ADHD/Dep/Anx) | C6: ='Test Cases'!I7 -> 0 | D6: ='Test Cases'!J7 | E6: ='Test Cases'!K7 | F6: ='Test Cases'!N7 -> 0 | G6: ='Test Cases'!O7 -> 0 | H6: ='Test Cases'!M7 -> 0
A7: ='Test Cases'!B8 -> Q-004 | B7: Summarize last uploaded document | C7: ='Test Cases'!I8 -> 0 | D7: ='Test Cases'!J8 | E7: ='Test Cases'!K8 | F7: ='Test Cases'!N8 -> 0 | G7: ='Test Cases'!O8 -> 0 | H7: ='Test Cases'!M8 -> 0
A8: ='Test Cases'!B9 -> Q-005 | B8: Summarize child's life logs | C8: ='Test Cases'!I9 -> 0 | D8: ='Test Cases'!J9 | E8: ='Test Cases'!K9 | F8: ='Test Cases'!N9 -> 0 | G8: ='Test Cases'!O9 -> 0 | H8: ='Test Cases'!M9 -> 0
A9: OVERALL AVERAGE | C9: =AVERAGE(C4:C8) -> 0 | D9: =AVERAGE(D4:D8) -> #DIV/0!
A11: ✅ Total Pass | B11: =COUNTIF(E4:E8,"Pass") -> 0
A12: ⚠️ Total Partial | B12: =COUNTIF(E4:E8,"Partial") -> 0
A13: ❌ Total Fail | B13: =COUNTIF(E4:E8,"Fail") -> 0
A14: 🔁 Re-test Required | B14: =COUNTIF(F4:F8,"Yes") -> 0

Sheet Version Log
A1: 🔄 Model Version Change Log
A3: Version | B3: Release Date | C3: Change Description | D3: Avg Score Before | E3: Avg Score After | F3: Tested By

Sheet Instructions
A1: 📋 How to Use This Evaluation Tracker
A3: WORKFLOW
A4: STEP 1 | B4: Run the Agent | C4: Paste the test question from Column C (Test Cases sheet) into the AI agent exactly as written. Do not paraphrase.
A5: STEP 2 | B5: Log the Response | C5: Copy the AI's full response into Column E (Actual AI Response) of the relevant question row.
A6: STEP 3 | B6: Score the Response | C6: Compare the AI response against the Expected Answer key points (Column D). Award a score 0–10 where 10 = all key points addressed accurately.
A7: STEP 4 | B7: Fill Remaining Cols | C7: Record the Response Date, Model Version, any missing/wrong info, notes, re-test need, and priority level.
A8: STEP 5 | B8: Review Summary | C8: Navigate to the Score Summary sheet to see overall pass rates and average scores at a glance.
A9: STEP 6 | B9: After Every Change | C9: When the model/prompt changes, record the version in the Version Log sheet and re-run all 5 questions. Compare before/after average scores.
A11: SCORING GUIDE
A12: 9–10 | B12: Excellent | C12: All key points addressed, accurate, well-structured.
A13: 7–8 | B13: Good | C13: Most key points covered, minor gaps or phrasing issues.
A14: 5–6 | B14: Partial | C14: Roughly half the key points addressed, notable gaps.
A15: 3–4 | B15: Poor | C15: Few key points addressed, significant errors or hallucinations.
A16: 0–2 | B16: Fail | C16: Completely wrong, irrelevant, or refused to answer.
